{"type":"Topology","objects":{"states":{"type":"GeometryCollection","geometries":[{"type":"MultiPolygon","properties":{"name":"Alaska","name_alt":"AK|Alaska"},"id":"AK","arcs":[[[0]],[[1]],[[2]],[[3]],[[4]],[[5]],[[6]],[[7]],[[8]],[[9]],[[10]],[[11]],[[12]],[[13]],[[14]],[[15]],[[16]],[[17]],[[18]],[[19]],[[20]],[[21]],[[22]],[[23]],[[24]],[[25]],[[26]],[[27]],[[28]],[[29]],[[30]],[[31]],[[32]],[[33]],[[34]],[[35]],[[36]],[[37]],[[38]],[[39]],[[40]],[[41]],[[42]],[[43]],[[44]],[[45]],[[46]],[[47]],[[48]],[[49]],[[50]],[[51]],[[52]],[[53]]]},{"type":"MultiPolygon","properties":{"name":"Alabama","name_alt":"AL|Ala."},"id":"AL","arcs":[[[54,55,56,57,58]]]},{"type":"Polygon","properties":{"name":"Arkansas","name_alt":"AR|Ark."},"id":"AR","arcs":[[59,60,61,62,63,64]]},{"type":"Polygon","properties":{"name":"Arizona","name_alt":"AZ|Ariz."},"id":"AZ","arcs":[[65,66,67,68,69]]},{"type":"MultiPolygon","properties":{"name":"California","name_alt":"CA|Calif."},"id":"CA","arcs":[[[70]],[[71]],[[72]],[[73]],[[74,75,-68,76]]]},{"type":"Polygon","properties":{"name":"Colorado","name_alt":"CO|Colo."},"id":"CO","arcs":[[77,78,79,80,81,82]]},{"type":"Polygon","properties":{"name":"Connecticut","name_alt":"CT|Conn."},"id":"CT","arcs":[[83,84,85,86]]},{"type":"Polygon","properties":{"name":"District of Columbia","name_alt":"DC|D.C."},"id":"DC","arcs":[[87,88]]},{"type":"Polygon","properties":{"name":"Delaware","name_alt":"DE|Del."},"id":"DE","arcs":[[89,90,91]]},{"type":"MultiPolygon","properties":{"name":"Florida","name_alt":"FL|Fla."},"id":"FL","arcs":[[[92]],[[93]],[[94,-59,95]]]},{"type":"MultiPolygon","properties":{"name":"Georgia","name_alt":"GA|Ga."},"id":"GA","arcs":[[[96]],[[97,-96,-58,98,99,100]]]},{"type":"MultiPolygon","properties":{"name":"Hawaii","name_alt":"HI|Hawaii"},"id":"HI","arcs":[[[101]],[[102]],[[103]],[[104]],[[105]],[[106]],[[107]]]},{"type":"Polygon","properties":{"name":"Iowa","name_alt":"IA|Iowa"},"id":"IA","arcs":[[108,109,110,111,112,113]]},{"type":"Polygon","properties":{"name":"Idaho","name_alt":"ID|Idaho"},"id":"ID","arcs":[[114,115,116,117,118,119,120]]},{"type":"Polygon","properties":{"name":"Illinois","name_alt":"IL|Ill."},"id":"IL","arcs":[[121,122,123,124,-109,125]]},{"type":"Polygon","properties":{"name":"Indiana","name_alt":"IN|Ind."},"id":"IN","arcs":[[126,127,-123,128,129]]},{"type":"Polygon","properties":{"name":"Kansas","name_alt":"KS|Kans."},"id":"KS","arcs":[[130,-78,131,132]]},{"type":"MultiPolygon","properties":{"name":"Kentucky","name_alt":"Commonwealth of Kentucky|KY"},"id":"KY","arcs":[[[133,134]],[[135,136,137,138,-124,-128,139]]]},{"type":"MultiPolygon","properties":{"name":"Louisiana","name_alt":"LA"},"id":"LA","arcs":[[[140]],[[141]],[[142,143,-62,144]]]},{"type":"MultiPolygon","properties":{"name":"Massachusetts","name_alt":"Commonwealth of Massachusetts|MA|Mass."},"id":"MA","arcs":[[[145]],[[146]],[[147,-87,148,149,150,151]]]},{"type":"MultiPolygon","properties":{"name":"Maryland","name_alt":"MD"},"id":"MD","arcs":[[[152,153]],[[-91,154,155,156,-89,157,158,159]]]},{"type":"MultiPolygon","properties":{"name":"Maine","name_alt":"ME|Maine"},"id":"ME","arcs":[[[160]],[[161,162]]]},{"type":"MultiPolygon","properties":{"name":"Michigan","name_alt":"MI|Mich."},"id":"MI","arcs":[[[163]],[[164,-130,165]],[[166]],[[167]],[[168]],[[169,170]],[[171]],[[172]]]},{"type":"Polygon","properties":{"name":"Minnesota","name_alt":"MN|Minn."},"id":"MN","arcs":[[173,-113,174,175,176]]},{"type":"Polygon","properties":{"name":"Missouri","name_alt":"MO"},"id":"MO","arcs":[[-125,-139,177,-135,178,-65,179,-133,180,-110]]},{"type":"MultiPolygon","properties":{"name":"Mississippi","name_alt":"MS|Miss."},"id":"MS","arcs":[[[181,-145,-61,182,-56]]]},{"type":"Polygon","properties":{"name":"Montana","name_alt":"MT|Mont."},"id":"MT","arcs":[[183,184,-121,185,186]]},{"type":"MultiPolygon","properties":{"name":"North Carolina","name_alt":"NC|N.C."},"id":"NC","arcs":[[[187]],[[188]],[[189,190]],[[191,-100,192,193,194]]]},{"type":"Polygon","properties":{"name":"North Dakota","name_alt":"ND|N.D."},"id":"ND","arcs":[[195,-187,196,-176]]},{"type":"Polygon","properties":{"name":"Nebraska","name_alt":"NE|Nebr."},"id":"NE","arcs":[[-111,-181,-132,-83,197,198]]},{"type":"Polygon","properties":{"name":"New Hampshire","name_alt":"NH|N.H."},"id":"NH","arcs":[[199,-151,200,201,-162]]},{"type":"MultiPolygon","properties":{"name":"New Jersey","name_alt":"NJ|N.J."},"id":"NJ","arcs":[[[202,203,204]]]},{"type":"Polygon","properties":{"name":"New Mexico","name_alt":"NM|N.M."},"id":"NM","arcs":[[205,206,-66,-80,207]]},{"type":"Polygon","properties":{"name":"Nevada","name_alt":"NV|Nev."},"id":"NV","arcs":[[-69,-76,208,-117,209]]},{"type":"MultiPolygon","properties":{"name":"New York","name_alt":"NY|N.Y."},"id":"NY","arcs":[[[210]],[[211]],[[212,-149,-86,213,-204,214,215]]]},{"type":"Polygon","properties":{"name":"Ohio","name_alt":"OH|Ohio"},"id":"OH","arcs":[[216,-140,-127,-165,217,218]]},{"type":"Polygon","properties":{"name":"Oklahoma","name_alt":"OK|Okla."},"id":"OK","arcs":[[-64,219,-208,-79,-131,-180]]},{"type":"Polygon","properties":{"name":"Oregon","name_alt":"OR|Ore."},"id":"OR","arcs":[[220,-118,-209,-75,221]]},{"type":"Polygon","properties":{"name":"Pennsylvania","name_alt":"Commonwealth of Pennsylvania|PA"},"id":"PA","arcs":[[-203,222,-92,-160,223,-219,224,-215]]},{"type":"MultiPolygon","properties":{"name":"Rhode Island","name_alt":"State of Rhode Island and Providence Plantations|RI|R.I."},"id":"RI","arcs":[[[225]],[[226,-84,-148]]]},{"type":"Polygon","properties":{"name":"South Carolina","name_alt":"SC|S.C."},"id":"SC","arcs":[[227,-101,-192]]},{"type":"Polygon","properties":{"name":"South Dakota","name_alt":"SD|S.D."},"id":"SD","arcs":[[-175,-112,-199,228,-184,-196]]},{"type":"Polygon","properties":{"name":"Tennessee","name_alt":"TN|Tenn."},"id":"TN","arcs":[[229,-193,-99,-57,-183,-60,-179,-134,-178,-138]]},{"type":"MultiPolygon","properties":{"name":"Texas","name_alt":"TX|Tex."},"id":"TX","arcs":[[[230]],[[231]],[[232]],[[233]],[[-63,-144,234,-206,-220]]]},{"type":"Polygon","properties":{"name":"Utah","name_alt":"UT"},"id":"UT","arcs":[[235,-81,-70,-210,-116]]},{"type":"MultiPolygon","properties":{"name":"Virginia","name_alt":"VA"},"id":"VA","arcs":[[[-156,236]],[[-153,237]],[[-158,-88,238,-190,239,-194,-230,-137,240]]]},{"type":"Polygon","properties":{"name":"Vermont","name_alt":"VT"},"id":"VT","arcs":[[-150,-213,241,-201]]},{"type":"MultiPolygon","properties":{"name":"Washington","name_alt":"WA|Wash."},"id":"WA","arcs":[[[242]],[[243]],[[244]],[[245]],[[246]],[[-221,247,-119]]]},{"type":"MultiPolygon","properties":{"name":"Wisconsin","name_alt":"WI|Wis."},"id":"WI","arcs":[[[248]],[[-170,249,-126,-114,-174,250]]]},{"type":"Polygon","properties":{"name":"West Virginia","name_alt":"WV|W.Va."},"id":"WV","arcs":[[-159,-241,-136,-217,-224]]},{"type":"Polygon","properties":{"name":"Wyoming","name_alt":"WY|Wyo."},"id":"WY","arcs":[[-198,-82,-236,-115,-185,-229]]}]}},"arcs":[[[28369,6232543],[-17934,7920],[8283,13925],[-18718,22486],[21645,6907],[16470,-26798],[-9746,-24440]],[[94087,6245321],[-45562,-7654],[-1147,8502],[29938,10494],[15135,25402],[9294,-1437],[-7658,-35307]],[[143984,6273916],[14025,-21430],[-30001,-23714],[-17145,-5009],[7843,35621],[12409,9428],[3423,27863],[13350,-8007],[-3904,-14752]],[[195397,6299799],[-10908,358],[-1152,18131],[12060,-18489]],[[417346,6325325],[47696,-10900],[-39396,-7169],[-37581,2311],[-9949,9519],[39230,6239]],[[515229,6351255],[-13943,103],[13437,21962],[14099,-11143],[-13593,-10922]],[[316267,6306010],[-48241,-7837],[-7346,5384],[56453,21510],[32517,15481],[4255,10090],[-15891,9183],[23978,19635],[13538,-16856],[-14483,-25066],[5284,-12417],[-50064,-19107]],[[670919,6410213],[-8421,3665],[13035,18468],[8764,-5717],[-13378,-16416]],[[764566,6460911],[-2769,-10495],[-23182,2612],[-180,8583],[26131,-700]],[[919916,6555822],[-27545,-20417],[-15765,-29295],[-22708,-23068],[-33037,-24693],[24283,40231],[3260,24813],[10844,15391],[18199,218],[7143,38261],[14761,14446],[18644,4739],[16278,-13964],[-14357,-26662]],[[1041221,6661808],[10600,-3320],[11255,22013],[12717,-12658],[-23188,-28048],[-5436,-16122],[21559,-660],[-35317,-30665],[-6132,-11568],[-34461,-12996],[-33167,-25097],[-13214,-3105],[-12530,12170],[60488,38646],[10822,32783],[15952,-9597],[8729,12376],[-29695,13431],[-4196,17015],[12595,17220],[31536,6243],[1083,-18061]],[[1110803,6694168],[-17523,-4475],[-4614,23254],[17523,7214],[16960,-16604],[-12346,-9389]],[[1136016,6706759],[-8361,22236],[9310,5955],[12836,-16721],[-13785,-11470]],[[1406388,6757225],[-7796,-4162],[-16134,21933],[23930,-17771]],[[1429432,6842208],[-12207,16112],[15223,9913],[-3016,-26025]],[[1323515,6867700],[8729,-31503],[26589,-27935],[-24712,12713],[-20227,-20979],[-44087,-888],[-14506,-9469],[-20580,-27462],[-32365,-1573],[-5777,35993],[16317,16046],[15863,36009],[23029,3666],[36483,26516],[23425,2238],[11819,-13372]],[[4213275,6886599],[9685,-33571],[-15660,-1809],[-12036,29399],[-2286,41120],[14461,-9686],[5836,-25453]],[[1647510,6895925],[-31842,-39291],[4946,38203],[22624,27551],[4272,-26463]],[[4076365,6851244],[22036,-384],[-7967,-39710],[-9124,4759],[-28362,49712],[-11553,39149],[-15000,6785],[-995,17750],[11913,4179],[17909,-21353],[21143,-60887]],[[1606478,6935770],[-1263,-15048],[-13455,17836],[14718,-2788]],[[1574497,6931404],[9150,-1370],[8600,-23412],[-27656,-7557],[-4627,31679],[11026,17786],[3507,-17126]],[[4036547,6975057],[2102,-8750],[-33134,-43584],[1366,27462],[-9184,15944],[9252,8069],[29598,859]],[[2034800,7027961],[-15408,1640],[14757,17407],[651,-19047]],[[4245701,6964650],[-9316,-42401],[-9456,-11538],[-20934,13273],[-2417,25340],[-17419,-20945],[-10901,-25384],[-7514,47751],[17851,32282],[2032,46934],[31989,23588],[13357,-18831],[13913,-35680],[-1185,-34389]],[[4013074,7126735],[32652,-3692],[10905,-23959],[-1339,-19859],[30488,-18121],[14383,-19063],[15059,-39671],[23151,-39354],[-30444,21608],[-7223,-24702],[15622,3536],[18215,-18948],[772,-30341],[20707,-3018],[-401,-76994],[-13795,-17592],[-18617,37123],[-18707,8648],[-6547,34966],[-14398,-16684],[-28839,59448],[12958,6735],[-11112,20698],[4413,16316],[-23817,3281],[-6361,15649],[-16570,423],[-11412,17924],[20972,2256],[18472,23609],[-11662,21946],[-28144,-17756],[-6382,10807],[20171,27877],[-3170,36904]],[[4083773,7109204],[-22943,17855],[11960,21521],[23262,-3550],[-2342,-28190],[-9937,-7636]],[[4143799,7082914],[-1851,-31680],[-13882,-2640],[-14732,24210],[-18771,4158],[-3519,22881],[9021,8287],[19680,49032],[5697,-2153],[22444,-46387],[-4087,-25708]],[[2114220,7145151],[-4187,12651],[19048,18761],[6532,-5212],[-21393,-26200]],[[2156857,7160235],[-11103,4603],[19938,12184],[-8835,-16787]],[[758878,7183145],[25259,-7813],[-10121,-9844],[-15138,17657]],[[4086742,7162295],[-16538,-238],[7937,51546],[24687,-41749],[-16086,-9559]],[[3974993,7223172],[14273,-12141],[8319,-24949],[-10511,-13017],[-2639,-55307],[-5854,-31350],[-21570,-9676],[-4988,24082],[4459,40089],[9987,8168],[-18511,23581],[-8466,27462],[965,21855],[20718,17866],[13818,-16663]],[[4031049,7253403],[26566,-5573],[10488,-17923],[13,-31883],[-7276,-17608],[-26440,39918],[15497,-41749],[-5040,-27935],[-35081,-101],[-7030,63578],[-26842,40439],[10206,11273],[44939,-12436]],[[2264904,7276538],[-25925,-23721],[-7122,9819],[8036,25383],[31450,-3381],[-6439,-8100]],[[722429,7287812],[-9302,-8996],[-11025,12632],[24319,7391],[-3992,-11027]],[[3886856,7319748],[13181,-37159],[18205,-83569],[-2994,-93590],[-17442,18309],[-11919,37266],[9479,28889],[-25529,10475],[-367,18831],[-15061,-433],[11780,39177],[-12749,10348],[-14440,30941],[-9619,-32873],[-18291,-11804],[2265,58678],[18575,13869],[8389,24116],[12679,3174],[33858,-34645]],[[2243902,7414830],[-24858,17505],[15296,-1735],[9562,-15770]],[[2274708,7409840],[651,-10474],[34103,15726],[8999,-39159],[17558,-13175],[-17622,-23304],[-44957,10180],[20962,-31088],[-17984,-4636],[-15518,-15861],[-20031,-2153],[-33465,-37517],[-9957,-32655],[-19374,-16043],[-8826,8859],[24969,32192],[-20883,22688],[-19633,6588],[5344,-26261],[-6890,-17834],[-21386,23796],[-6343,32290],[-12286,24684],[15342,42725],[22831,14997],[22624,-1408],[20177,-51958],[-2940,52943],[13039,5252],[-18999,29838],[21741,7231],[12426,-24175],[24465,11335],[8267,34608],[27881,-14337],[-4285,-13894]],[[3818461,7489990],[12847,-18585],[-2316,-29540],[23976,25216],[30981,-13925],[6664,-18747],[-3837,-25840],[-23432,-277],[-1646,-15874],[24341,-1561],[9508,-25772],[-5250,-20605],[-50928,34538],[-9955,-2197],[-7499,-44018],[-19676,5085],[-14912,43475],[-34468,37851],[-9775,18897],[5065,23608],[17113,23432],[16029,-22957],[4438,19006],[32732,8790]],[[3945937,7487064],[-12903,-4268],[-17243,20190],[11510,3839],[18636,-19761]],[[3912887,7474243],[39582,-3370],[30211,-67654],[6942,-32725],[-8822,10150],[-22952,64895],[-11385,4435],[3577,-28576],[29682,-57766],[1053,-46683],[-15711,-6986],[-14398,-29236],[-23009,-19874],[-6789,9418],[9418,74377],[-15567,29757],[-8470,68061],[-16099,63674],[8646,-1676],[14091,-30221]],[[2317970,7512101],[9053,10159],[30743,-19761],[-12114,-28354],[-12822,17155],[-5175,-22357],[-20539,-6268],[-5447,11746],[-16483,-27964],[-18078,-3603],[-35857,17190],[36436,40006],[18368,-3517],[-6227,26280],[14969,6523],[23173,-17235]],[[2311752,7535897],[-13535,10810],[25158,10160],[-11623,-20970]],[[1553449,7553457],[-13600,-1517],[-5509,18890],[37440,24221],[-18331,-41594]],[[3023974,7790152],[10856,25225],[18810,12299],[-29666,-37524]],[[2713193,7837233],[-22489,-2300],[17289,18762],[5200,-16462]],[[2738900,7789168],[-12281,2887],[9387,21991],[38805,46078],[13997,32965],[17458,-19811],[-29832,-34143],[-19938,-39622],[-17596,-10345]],[[1084377,7897913],[8255,-9460],[28229,-3765],[1562,-46686],[10838,-29787],[-45684,-12111],[-614,-14144],[-46848,17012],[-45969,27433],[-26756,37779],[16608,5124],[37353,-3153],[4671,15143],[27757,16467],[30598,148]],[[2859571,7910516],[26231,-7332],[-46409,-26219],[-7574,25716],[12792,13726],[14960,-5891]],[[2745880,7910673],[-11649,-51967],[-7513,9881],[6908,43879],[12254,-1793]],[[490282,7911993],[31896,-11233],[13978,-18944],[-36300,5667],[-39412,31339],[13502,21668],[16336,-28497]],[[2721382,7982310],[-17363,3469],[1989,13686],[15374,-17155]],[[605307,8518858],[52912,-8775],[39944,19993],[27748,-15510],[9394,-23985],[35362,-11666],[17673,-15678],[38806,-197],[25181,-6995],[-12264,-26575],[-46070,-21],[-28023,-41001],[-9123,26246],[-37029,19564],[-30349,34882],[-48031,12701],[-30568,-20337],[-20740,2282],[-14312,14017],[4010,53080],[25479,-12025]],[[1998155,9892130],[35442,9982],[37096,39068],[44346,-21381],[-10029,-17693],[53053,-17770],[24910,14535],[61623,10533],[66694,-9844],[23227,-13459],[-21370,-29888],[26766,-18489],[36320,664],[-15795,-20599],[64731,-6360],[50553,17380],[45871,-12621],[25395,12574],[54013,-1696],[52251,-16100],[18809,-18762],[20719,7398],[34104,-10197],[14762,-16407],[57768,-8926],[28598,4069],[82887,-6041],[56269,-28861],[51993,-5065],[18190,10849],[60291,12002],[47485,2719],[45902,-15716],[36947,-31255],[53755,-18979],[26195,-22309],[36486,-492],[0,-1782965],[42867,-15617],[6529,15518],[43120,-22229],[26707,27683],[53686,2932],[-9523,-49602],[12744,-17224],[30393,-17526],[6581,-23463],[93426,-105261],[13913,-61616],[14479,16225],[41749,30857],[21090,423],[10073,24349],[33,34159],[19713,14075],[-6718,13715],[34818,11024],[41247,24910],[38209,-40924],[-1823,-26167],[11467,-29204],[45232,-38697],[19985,-44893],[35768,-27620],[37736,-56092],[-1931,-14075],[13243,-21778],[65178,-137852],[28623,-57467],[-9516,-22704],[27559,-10089],[-6544,-32370],[21413,-12195],[3767,-38679],[22403,1684],[44259,-36991],[30686,-12202],[23791,-21025],[5752,-20603],[28351,-2522],[6544,-42155],[-10919,-44567],[9888,-67991],[-15966,-51870],[-32482,-48855],[-24664,7233],[-17828,66749],[5749,16455],[21002,10110],[-7614,6691],[-7509,77016],[-19946,49871],[9675,17271],[-67570,-40341],[-7661,-43738],[-10252,-21382],[-12193,6630],[-9389,28842],[19574,39856],[14560,43862],[26301,8906],[-26339,4356],[-15977,28683],[-14396,7737],[-15794,39138],[-10636,4532],[-1006,22260],[-28333,24550],[-2014,30631],[-7985,-1586],[-49676,23777],[2625,31402],[-9198,41434],[-9871,16808],[8497,10064],[39310,-24576],[-35825,39839],[391,20019],[28486,-459],[-32824,8914],[-16616,-13317],[-25804,41482],[-1273,41397],[10038,34054],[-24746,-44791],[-24875,25600],[-16021,3334],[-25078,49879],[-2004,18285],[-15022,19200],[-17847,75549],[-2999,34390],[-12467,-41402],[10446,-21880],[4684,-33931],[25569,-114948],[-8258,-13991],[-14478,4296],[-24212,29768],[-27125,-3399],[1055,34862],[-16311,46637],[-9614,43179],[287,-49437],[-27365,10969],[-10347,18031],[-38017,17846],[9884,-29168],[42171,-34487],[-6622,-15825],[23302,-2937],[14668,-28517],[-6126,-19511],[-29923,-4275],[-10811,-15780],[-44002,28598],[-42449,35465],[-18521,24003],[-24904,44697],[-29275,27807],[-88887,54984],[-41197,32532],[16859,12213],[9537,22122],[-6887,23259],[12165,20697],[10423,-15223],[3979,-50736],[9698,43651],[-20109,30724],[-10468,3075],[-29789,-35544],[-32960,-19846],[-18266,-3034],[-38064,7273],[-50817,29354],[10221,14720],[-3142,19604],[-30627,-21535],[-78993,22150],[-35701,2081],[-77281,-16028],[-30768,667],[-3440,25618],[-30978,10390],[-33393,24778],[10320,47565],[8582,16109],[-50101,-55101],[-58504,18692],[20140,32980],[-42632,1825],[-9173,16849],[-28725,-3794],[16051,15580],[-22162,16483],[3537,29787],[28255,11274],[-26782,2897],[-35740,-28610],[-11310,4716],[-25592,-16112],[-15890,14662],[-7951,-16288],[-21171,-3745],[-10250,15008],[22774,47742],[-41079,-36046],[-12206,-33630],[-19151,-9657],[26031,-19677],[-6343,-24764],[-27128,-15333],[53002,14832],[7789,-15698],[-21533,-22875],[533,-37592],[-12184,-8725],[-8775,-25338],[-37051,-7229],[-25075,15691],[-13039,-6719],[-11570,20490],[-18235,-63929],[-10414,28438],[-7863,-34637],[-19301,7441],[4444,-16575],[-20821,-23551],[-36807,-601],[-6301,-26014],[-23114,-33916],[-22323,9854],[-49947,-21403],[-20308,18418],[10260,23117],[40497,20968],[18899,23142],[8990,28934],[-28256,-24251],[-32386,7204],[-8038,15648],[10675,39326],[25451,40868],[12480,50298],[-819,52718],[33092,18743],[46088,34772],[29512,-17303],[43216,3655],[50121,-14411],[-6040,11302],[-40487,11087],[-41434,33802],[41120,46942],[24000,15274],[-32926,-5084],[-22478,-33650],[-47350,-6534],[-12631,7850],[-29966,-19625],[-18403,-21431],[-39867,-20249],[-12630,-13142],[-1485,-29717],[-22098,-13850],[-24684,-29388],[936,-22629],[-35396,-32605],[-33930,9684],[32957,-31265],[3256,-16051],[-11771,-22920],[-40622,-14907],[15387,-6140],[-725,-15341],[-30153,-11983],[-2781,13903],[-35947,-50796],[-24652,-21058],[-8095,-39605],[4363,-6815],[42572,-15479],[21411,-15008],[7540,-19465],[-25440,-38741],[-36199,-30841],[-16919,-38933],[-3504,-24667],[-29096,-7889],[-1290,-11894],[-37941,-7558],[-27505,-39838],[-24953,-14016],[-16882,-31537],[-19983,-4436],[-4963,-18568],[-16797,310],[-21241,-23135],[7263,-16644],[-6971,-25816],[-13834,-18156],[-13567,-831],[-32306,-34145],[-22579,-3192],[-16919,-33439],[-26141,2055],[-18152,-25718],[-30884,-14208],[-11059,-19147],[13601,-6454],[9935,-20082],[-20594,-25580],[-7777,23343],[-17868,-37681],[-65946,-33735],[-12266,-35102],[-512,32223],[-6986,9320],[-19717,-9320],[-48291,-49121],[-24414,-10248],[-11321,5733],[-18235,-20574],[-34261,-1507],[9693,30223],[-7736,13886],[-20214,-18913],[-5216,-26468],[-29891,-48017],[-23286,-16987],[-18789,36703],[-9197,-4712],[-2716,-42218],[-17146,-8021],[-22893,21007],[1745,-17362],[-21138,-25640],[5079,53895],[14777,13751],[18693,306],[22265,29601],[45129,70295],[41346,35804],[43315,21776],[6338,-13361],[22165,8065],[-9597,-20303],[13854,-21980],[8356,15777],[20514,1684],[21450,-11134],[-21198,30508],[1146,17933],[19124,48627],[46486,47189],[45139,24211],[26321,32694],[28345,-12424],[1293,46628],[30561,49288],[52491,47721],[24754,-8002],[-19672,25146],[6278,78702],[5021,16999],[32491,10336],[-26499,11350],[-3167,31966],[26506,41868],[22858,18195],[-5921,6904],[20824,68976],[-29955,-48935],[-79122,-45278],[-25236,306],[-18039,39769],[6974,28398],[31031,-4167],[-30777,21431],[-31720,-35710],[-7718,-35045],[6542,-52973],[-14575,-6940],[-11867,12434],[-24777,47958],[-28060,36203],[-22476,-17403],[-20895,16407],[-18932,27699],[-40820,-34222],[-35864,-13489],[-13077,-25059],[-35439,-10966],[-35023,6137],[25938,13895],[11878,14722],[-5781,42350],[12974,17787],[-22154,-6406],[-11919,39641],[9278,15540],[8222,42548],[-27826,74638],[-9384,37807],[-16083,20147],[25401,62993],[17290,13441],[-17215,138],[-29734,-55462],[-19447,-23973],[16589,-27152],[-6317,-26092],[-58327,-27482],[-61823,-7400],[-21217,17155],[1018,18584],[-30481,29571],[-17244,29463],[-12382,649],[-23486,20082],[3114,16801],[-29434,7735],[49338,66897],[39125,-18333],[9388,-13583],[-9593,-25325],[33521,33217],[24239,-33575],[27792,31930],[-43664,18376],[28739,9377],[-14577,12725],[-22083,-20021],[-40191,1005],[-28093,11696],[-28023,-2030],[-9878,8582],[26968,23087],[-18121,1419],[-28323,22520],[1013,-20213],[-16644,-751],[-11286,37671],[-19323,19807],[9817,16663],[-14766,11380],[-11931,-8414],[-6664,27472],[32299,8630],[-18976,9954],[2567,16381],[34044,6696],[-11792,27152],[3297,16922],[46108,71140],[17516,11495],[19829,-10041],[-5953,60984],[15103,41854],[27190,6389],[-13498,14042],[10443,16673],[27108,8897],[33394,-13139],[10783,-12898],[-10930,-20737],[20997,17056],[13086,-11461],[26670,6475],[39633,35483],[30455,50223],[27771,-14539],[42133,2902],[36481,17117],[24568,32684],[4312,17086],[-18791,82436],[-20914,27704],[-24333,7093],[6843,17658],[19924,-1895],[23478,11953],[8627,19608],[-4582,21663],[-26970,24502],[-25130,-24634],[-26348,4079],[-9798,-14032],[-27330,-12318],[-57079,-57940],[-6243,27119],[-29444,25853],[-8899,-8793],[22579,-16430],[-8326,-18288],[-51144,31354],[-53132,-828],[-53551,-23500],[-111797,23285],[-30449,27706],[5948,37840],[-12196,5044],[-33949,38913],[35734,-444],[7138,17658],[22862,11105],[-42083,6238],[-66416,15982],[-52447,27778],[-9095,17155],[45710,19174],[15713,19265],[29772,3379],[29364,33325],[47936,22585],[44144,-11006],[14697,10396],[-25181,14870],[5765,14109],[29382,17322],[34661,5328],[54263,28718],[65896,5340],[-27523,-76444],[30429,-25118],[72737,2937],[26942,-9223],[69289,532],[32454,43430],[37866,-17657],[-7732,27746],[-38138,13865],[-25514,-6903],[-5345,23310],[-27299,38146],[-24843,8106],[-12588,30271],[22106,10092],[30929,-31120],[-2975,-22279],[12691,-20530],[28645,-19086],[48821,2807],[35751,-19283],[37661,8997],[-2773,29013],[-34281,6204],[-19804,12563],[-48021,-22694],[-41241,28310],[-1983,19757],[23069,33443],[-30865,13392],[-38315,-5657],[-54868,1411],[-47670,14356],[-16972,17727],[-19974,53782],[-16409,24623],[-113378,83682],[-51575,21033],[-24852,23276],[-49489,15567],[36488,12496],[17848,70945],[-2431,16811],[62910,-3389],[108545,13139],[39067,19101],[29876,25442],[33650,41544],[6107,42473],[12718,28109],[96320,109379],[10780,-14129],[-28127,-18244],[96900,27196],[79052,54648],[13849,-4394],[-11864,-44786],[20628,-10380],[10742,47978],[-30157,19910],[68978,46460],[5697,-24801],[22917,10133],[89727,8331],[35325,18299],[36897,28989],[37048,43031],[28151,16920],[23,-22143],[80079,-32506],[-20222,-23959],[-30776,-12894],[15561,-16367]],[[8156374,2176383],[-11937,-21533],[-34500,-6453],[19390,11608],[-12048,30099],[115,21338],[-7942,25289],[-11161,-62462],[-23752,801]],[[8074539,2175070],[-7789,289778],[17561,281796],[18536,298369],[-7957,12565]],[[8094890,3057578],[-1543,4957],[144259,-2879],[86555,-1724]],[[8324161,3057932],[38004,-389871],[3996,-28974],[12723,-53033],[7674,-53314],[-9435,-18913],[-8049,-50880],[6227,-58703],[-3392,-52811],[2262,-33967],[5409,-22101]],[[8379580,2295365],[-87179,-127],[-145395,-51],[-662,-26722],[16132,-36040],[-695,-36941],[-5407,-19101]],[[7957173,3248747],[91,-18051],[-21558,-43430],[-2143,-33527],[-12638,-36059],[-3092,-38118],[-13617,-21583]],[[7904216,3057979],[-2359,-19439],[-19721,-32605],[-8648,-59930],[-11413,-10954],[-13252,-31971],[-3003,-30333],[-11427,-10579],[1572,-27954],[-13918,-28971],[5977,-45222],[-2007,-27467],[5085,-14594],[-3882,-38519]],[[7827220,2679441],[-163058,-503],[-96938,-244]],[[7567224,2678694],[-541,103432],[-22243,6298],[-7488,-4071],[-9549,15697]],[[7527403,2800050],[4047,331559],[-16118,212345]],[[7515332,3343954],[150265,0],[100177,0],[150263,0],[7786,-38928],[-20447,-37630],[-7016,-20332],[60813,1683]],[[6217912,3439290],[-102,-1081724]],[[6217810,2357566],[-179320,-699],[-85291,56446],[-85290,56449],[-85291,56446],[-85290,56446],[9997,39474]],[[5707325,2622128],[12823,3695],[9409,20457],[-1198,27002],[-14138,16806],[-5062,18692],[241,47295],[13102,22465],[5102,28649],[-880,41578],[16162,45402],[18316,27549],[-2982,13101],[-19085,25414],[-2425,19298],[-14340,39066],[-4773,37477]],[[5717597,3056074],[1759,68960],[-5174,23483],[302,29482],[-6348,86653],[11040,11933],[16806,142],[20042,-22502],[12619,28883],[233,156812]],[[5768876,3439920],[112259,-160],[140324,-196],[140324,-197],[56129,-77]],[[5381303,2643536],[-11044,2157],[-10518,32842],[21562,-34999]],[[5381521,2749964],[4540,-14040],[-13383,945],[-9760,30508],[18603,-17413]],[[5229049,2851616],[-11112,-149],[-7622,18258],[16191,2416],[7905,-10140],[-5362,-10385]],[[5243541,2882280],[28793,-13933],[-22245,-7400],[-6548,21333]],[[4852739,4392677],[166775,-40],[94839,0],[118540,0]],[[5232893,4392637],[68,-572098],[63186,-93523],[105308,-155865],[49460,-78830],[128094,-206952],[91329,-151147],[47259,-78148]],[[5707325,2622128],[-87470,-14279],[-128657,-20421],[-820,22083],[-9541,2831],[-1751,52409],[-5023,30734],[-13362,37265],[-28873,46333],[-26257,35024],[-16536,6953],[-13133,-2799],[1574,21805],[-10183,30341],[-29301,1345],[-28028,16695],[-11143,27729],[-30430,30617],[-22233,-1153],[-17955,10926],[-38506,453],[-14704,20660],[1780,44238],[-3426,26182],[2644,24248],[-6603,15480],[-13519,9924],[-261,29700],[-24968,46084],[-13118,13194],[-5397,22100],[-28821,68992],[-19158,33755],[-3709,46007],[11568,30498],[-8152,39404],[-25498,9920],[-20742,41293],[-1221,31587],[-8162,32309],[-1347,43737],[11701,3157],[1294,-25300],[18317,-29401],[8585,-4461],[-28317,91965],[15144,15268],[44977,-1254],[8194,9508],[-22934,-1701],[-13555,9248],[-10994,-11056],[-21543,15117],[-8142,-6860],[1527,-51603],[-4893,-2251],[-36929,43676],[-6006,-12745],[1906,45518],[-12909,42321],[-15158,16511],[-36994,70824],[-1654,38837],[-9063,49087],[3310,47732],[-9080,46158],[-20146,44569],[-19380,30018],[-4283,45618],[7912,41823],[13541,49433],[-622,35487],[6428,43530],[-4421,45302],[-11413,31689],[1456,40582]],[[6849360,4011384],[1053,-572094]],[[6850413,3439290],[-88849,0]],[[6761564,3439290],[-169890,0],[-101936,0],[-169891,0],[-101935,0]],[[6217912,3439290],[24,762724]],[[6217936,4202014],[169439,0],[169438,0],[112958,0]],[[6669771,4202014],[179542,-44],[47,-190586]],[[9567131,4394811],[454,-93817],[-4187,-35168]],[[9563398,4265826],[-38030,-8361],[-52323,-4923],[-6975,3681],[-63463,-55925]],[[9402607,4200298],[-8322,21480],[21480,21823],[-5448,14681],[5769,144844]],[[9416086,4403126],[60506,-4098],[90467,-2168],[72,-2049]],[[9096882,3799372],[-8245,10350]],[[9088637,3809722],[7188,13014],[9970,-23561],[-8913,197]],[[9241596,3975974],[-14978,-33301],[1234,-31240],[14497,-37291],[1843,-35967],[18623,-52124],[8666,-7982],[-3579,-27666],[8168,-33723]],[[9276070,3716680],[-60191,-98],[-6986,241647]],[[9208893,3958229],[13500,22333],[19203,-4588]],[[8795511,1178096],[-17872,-35858],[11201,37199],[17891,37807],[-11220,-39148]],[[8813053,1585417],[-6808,18521],[-15685,90569],[22493,-109090]],[[8694609,2243836],[4204,-17289],[6426,-70700],[12249,-90801],[13037,-64228],[18390,-77627],[33801,-107499],[-3929,-11370],[-453,-46830],[10428,-53428],[-13770,52807],[277,65837],[-7783,-33927],[-3441,22494],[3894,22046],[-13465,34153],[8056,-71819],[8857,-38155],[38127,-185695],[9023,-23653],[6809,-52497],[786,-45587],[-6230,-83332],[-1420,-56837],[-2927,8547],[-12760,-49539],[-5943,-54778],[-10585,-19341],[-22652,-14014],[-11301,3787],[-22326,-7274],[-5116,17254],[6271,17278],[11895,-18085],[-1347,16656],[-11956,10599],[-10235,41218],[-10606,28300],[-1785,18919],[-18282,11538],[-13242,17471],[-8632,31068],[-4953,55087],[-8306,10473],[11717,37590],[-12728,-25744],[-6243,0],[-3441,29039],[985,35700],[4826,13347],[-15093,-4727],[40,-18435],[-9838,5859],[-13606,36014],[-16104,65094],[-8464,18786],[7080,4765],[21159,59263],[-16102,23467],[-8595,1015],[7072,-17262],[-5785,-29523],[-7371,-1724],[-9051,26054],[8540,74516],[7905,47492],[823,76581],[-10598,31286],[-46861,76337],[-36320,90399],[-31459,33905],[-23871,-7443],[-6578,-30012],[-15030,-1811],[-22532,-23797],[-46615,-17708],[-5162,2859],[-3367,28084],[6958,-19516],[-1548,25861],[-28971,46941],[6498,31435],[-12342,-8085],[-1348,-14756],[-37710,31562],[-25114,12701],[19276,5715],[-1557,12188],[-17135,494],[-20835,-17680],[-46895,-12138],[19365,17471],[-1059,26593],[-6694,-13326],[-8863,7313],[-9933,-38051],[-17510,-8573],[-1236,15905]],[[8379580,2295365],[11093,-53530],[123086,-15359],[114673,-14246],[4104,-32843],[11913,2127],[3590,29608],[-1471,32816],[9226,16692],[23580,-15114],[15235,-1680]],[[8702249,2289600],[-4004,-46464],[-1900,32429],[5904,14035]],[[8751403,2491363],[-4594,-16145],[-17072,-12636],[4338,-12424],[-11947,-20833],[2022,-32971],[-10751,-30526],[-7730,-3422],[8316,-17038],[-6871,-17546],[-6914,5308],[-7071,-61986],[1480,-27308]],[[8324161,3057932],[116800,-2435]],[[8440961,3055497],[108794,2551]],[[8549755,3058048],[-18155,-37338],[-3494,-18560],[27228,-37652],[18438,-14100],[23235,-79951],[29919,-51177],[4340,-16332],[24456,-41244],[14034,-48049],[18172,-24163],[7954,-25344],[10144,-62580],[7791,-9577],[10685,-33769],[3281,-37810],[5414,-13758],[18206,-15281]],[[2033423,9173],[-8940,-8454],[-18036,19609],[-2184,10543],[1337,48953],[-14203,70060],[20536,50382],[-6515,29215],[5498,20675],[18843,-21434],[38063,-32231],[10134,-22643],[1813,-24299],[23535,-42667],[-4145,-13411],[-18271,-25727],[-23032,-11255],[-20288,-28810],[-4145,-18506]],[[1919378,344888],[-11135,-2876],[-6937,29540],[9782,3350],[11905,-18860],[-3615,-11154]],[[1951998,375384],[18820,3568],[25870,-37021],[-10546,-21421],[-18240,-8770],[-11534,3636],[-3760,34966],[-12175,3926],[-6676,15176],[2951,23471],[6425,1873],[8865,-19404]],[[1886646,429313],[45090,-11499],[-13280,-18830],[-14480,7903],[-24228,2823],[6898,19603]],[[1833974,475317],[7055,200],[7687,-28613],[-14691,-7441],[-9259,13718],[-18757,-4188],[-14639,50845],[13491,2861],[14443,19279],[14670,-46661]],[[1619899,548618],[-3677,10716],[10815,22494],[1853,-20554],[-8991,-12656]],[[1692489,566025],[-7905,-10722],[-13324,6367],[-16216,25225],[5626,18761],[13254,15813],[20427,-677],[4622,-21798],[-6484,-32969]],[[7872124,4490346],[20282,-35720],[7056,-21131],[16100,-21839],[1356,-22649],[-5874,-32113],[-19684,-48196],[-54982,-36469],[-1654,-31117],[9233,-23526],[-3265,-33911],[-9172,-29537],[-26261,-40639],[-4296,-29976]],[[7800963,4083523],[-21590,32877],[-4449,13879],[-158785,-1932],[-90734,-1105],[-113182,-1308]],[[7412223,4125934],[-6575,33537],[-760,57697],[-9272,54743],[553,17830],[-10347,16179],[-2518,52550],[-6076,27442],[-12692,31962],[-7949,54318],[-8741,17825]],[[7347846,4490017],[-12662,41621],[14305,70485],[-8337,25264],[1235,27033],[-5122,23654],[13039,700]],[[7350304,4678774],[146218,47],[87733,31],[116973,38],[117423,121]],[[7818651,4679011],[2388,-20427],[9127,-12228],[-3969,-43633],[8250,-59831],[25253,-21284],[12424,-31262]],[[6037639,4869017],[103,-476319]],[[6037742,4392698],[-84085,14],[-184988,30]],[[5768669,4392742],[-100289,-41],[-167147,-64]],[[5501233,4392637],[-345,345634],[9820,65634],[-3766,16760],[-16776,8574],[-5572,27828],[22729,63670],[9837,41004],[26113,89921],[6485,35152],[-3945,15412],[-21924,28791],[-11848,24635]],[[5512041,5155652],[-4179,43858],[-7382,37573],[-1259,488891]],[[5499221,5725974],[89073,0]],[[5588294,5725974],[-46,-188461],[28348,-56895],[5762,-39755],[-2949,-11490],[31743,-33641],[37207,-64517],[16366,-35895],[13681,-14156],[22539,1393],[458,-22319],[-12549,-74819],[7214,-54146],[-11561,-17588],[402,-39335],[20825,-16809],[31921,36980],[12624,-15332],[9456,-56464],[23288,-59303],[-2802,-12204],[11726,-23244],[13643,-1809],[8444,-15873],[8415,-44806],[16561,-14184],[8955,17555],[29052,-5736],[14526,17682],[65773,-3021],[4655,31705],[9948,6425],[12579,-29408],[13141,-17487]],[[8127368,4487320],[1315,-54475],[9246,-24227],[15592,-67995]],[[8153521,4340623],[-1050,-448655],[-7027,-15924],[-1856,-35208],[9120,-37718],[73,-31770],[-9575,-38075],[-17194,-39479],[-13780,-16470],[2865,-13572],[-13198,-57670],[4794,-16536]],[[8106693,3589546],[-7820,-17036],[1929,-31491],[-7463,-13309],[-27351,-19121],[4355,-46500],[-15068,-1971],[-23271,14389],[-15612,-488],[-9720,-36395]],[[8006672,3437624],[-10618,16755],[-2557,-12953],[-16733,38268],[2242,29162],[-5526,53170],[-26934,45680],[-31528,35269],[-11278,20011],[-6744,25887],[22231,99699],[-8390,12407],[-23191,9617],[-8911,-7343],[-7774,14850],[-6627,37050],[-16380,39111],[-26124,41168],[-19421,42715],[-6814,51620],[5368,53756]],[[7872124,4490346],[162791,-1941],[92453,-1085]],[[8398570,4335600],[-2302,-497571]],[[8396268,3838029],[-2918,-34149],[4804,-17829],[-33195,-24601],[-12306,8926],[-12412,-10314],[-1250,-29154],[-22265,-43638],[-13368,-16459],[-9551,-38330],[-12794,-4224],[-14764,17299],[-4224,15481],[-12839,-8318],[-8207,-38725],[-11194,-5344],[-17620,16608],[-24455,-32585],[-20803,22544],[-20415,4385],[-7195,-11462],[-20374,2949],[-583,-16043],[-11647,-5500]],[[8153521,4340623],[9778,-13592],[30564,2476],[18885,17372]],[[8212748,4346879],[76772,-65],[109024,-100],[26,-11114]],[[7515360,3439290],[-103899,0],[-166237,0],[-124674,0],[-166236,0],[-103901,0]],[[6849360,4011384],[150781,0],[94238,0],[113086,0],[94238,0],[148139,69]],[[7449842,4011453],[20725,-24673],[16750,-2021],[-1430,-23266],[-11647,-27096],[1567,-16860],[15794,-31619],[9391,-28438],[13980,-13269],[388,-404921]],[[7976736,3344373],[-6302,-379]],[[7970434,3343994],[6302,379]],[[8594900,3715274],[2159,-66447],[27743,-78667],[15897,-22235],[12426,-5881]],[[8653125,3542044],[-33985,-46297],[-30427,-30282],[-19146,-44190],[-22995,-27466],[-46517,-29994]],[[8500055,3363815],[-5652,-3473],[-124866,7439],[-124867,7438],[-119736,-3979],[-23123,9351],[3344,-36863],[-125101,64]],[[7980054,3343792],[4754,16737],[12709,1261],[8973,23131],[3043,37350],[-2861,15353]],[[8396268,3838029],[10320,7041],[31376,-15063],[11756,-35222],[25079,-17346],[23246,-23777],[13622,9595],[16314,-13814],[13803,2193],[18290,14317],[10757,-713],[10990,-32242],[13079,-17724]],[[7769334,2009165],[-18213,13801],[10881,12943],[9671,-10730],[-2339,-16014]],[[8000409,2120393],[-10614,-4044],[14147,20181],[-3533,-16137]],[[7973711,2141096],[-6081,-5084],[-32890,19598],[-8180,15762],[-16192,5315],[-16886,-45568],[21378,-21206],[16287,5752],[23089,21495],[6508,-10474],[-13499,-20934],[6418,-14761],[13874,-2825],[8548,27291],[8428,-2310],[4161,-43061],[-15844,-9154],[-2576,-14145],[-14528,-15013],[4143,-15376],[14489,-22613],[24098,-16565],[20676,-24852],[-12568,-35511],[-7246,12296],[-12594,-19027],[2033,16953],[-8057,23625],[-15927,20642],[-15477,5874],[-7631,23799],[-25342,15089],[9597,-20162],[-4409,-47598],[-10020,-14654],[-7987,28769],[-6976,7495],[-18618,-4495],[-14817,-26820],[-48478,30147],[12533,5511],[-8383,26587],[-437,20376],[-7381,-9650],[-16481,7971],[-14231,36365],[-13662,878],[-6184,16269],[-11165,-6811],[-10624,-19225],[6888,-15690],[-18159,-11505],[-36914,7671],[-25275,22330],[-20080,12351],[-46681,-1724],[-11837,-8539],[-5162,16185],[9963,19834],[-1883,12057]],[[7589460,2100031],[7499,25846],[-3576,44219],[2713,40719],[8588,29763],[8465,63276],[-2443,25594],[-9724,27109],[-6446,36463],[-7471,17191],[-552,27895],[-7038,24167],[-12430,23306],[179,193115]],[[7827220,2679441],[4845,-14916],[-3596,-24568],[3751,-21849],[-4973,-13204],[8126,-38376],[10303,-17742],[-271,-17283],[-12677,-25919],[-6099,-25446],[-19423,-37559],[-11978,-48628],[-2088,-33083],[-8030,-13011],[1968,-31853],[-5403,-20614],[172752,-123],[-8997,-51550],[1383,-22806],[12070,-28320],[8462,-45700],[6366,-5795]],[[9731050,4252494],[-22943,3955],[15321,8036],[7622,-11991]],[[9683215,4273610],[-24766,-9322],[10035,23088],[14731,-13766]],[[9618123,4336576],[-9618,17421],[-4173,41749],[-37201,-935]],[[9416086,4403126],[-2402,4661],[22836,128177]],[[9436520,4535964],[70721,-4177]],[[9507241,4531787],[102263,-5306],[31971,32260],[15104,971]],[[9656579,4559712],[6333,-39562],[11036,-8775],[-19623,-13481],[-19333,-42226],[27688,-19498],[17026,-55342],[3079,-25802],[19712,-14179],[26443,18540],[-9670,48075],[11784,-22318],[2630,-54177],[-41006,-9581],[-22702,-17668],[-3957,34440],[-24559,-31715],[-17471,-11273],[-5866,41406]],[[9259153,3637501],[-2400,-551]],[[9256753,3636950],[2400,551]],[[9276070,3716680],[-8685,-13589],[-21736,-68518]],[[9245649,3634573],[-21945,-4916],[-3530,-8626]],[[9220174,3621031],[-17225,3353],[4988,21950],[-11935,15746],[3529,35519],[-14602,-14487],[-14429,15594],[-7481,25424],[2760,20082],[23670,335],[-24941,32556],[9907,15308],[-13005,29862],[11425,-3549],[-4495,38303],[14507,33796],[18114,27083],[-7733,14140],[-9359,-4563],[-3081,-24410],[-16106,-21043],[-4896,15474],[-8099,-34114],[-13445,8456],[13520,-37269],[-12454,-1653],[5825,-22881],[-3876,-38632],[3198,-40127],[9642,-31119],[-22291,16278],[20971,-35482],[6078,-34558],[-10184,16496],[-28301,17046],[-8899,24286],[-1945,-18729],[-10020,29207],[-20803,-7158],[-815,16609],[20089,53948],[-1095,21264]],[[9088637,3809722],[-16099,20944],[-16171,11361],[185,20577],[-22281,23944]],[[9034271,3886548],[-11580,48293],[-29289,16405],[-20289,-11035],[-7983,-18024],[-16378,3085],[-9000,14702],[-17419,-32984],[-9340,4261],[-19622,-31351],[-17483,-19194],[942,97606]],[[8876830,3958312],[83017,-21],[103769,-24],[145277,-38]],[[9892072,4837289],[-19984,6061],[9896,17588],[10088,-23649]],[[9663145,4596565],[-20012,60896],[-11592,363172]],[[9631541,5020633],[11183,7454],[5593,-13471],[8884,27138],[9838,4493],[-1117,23462],[25278,35630],[11227,32006],[-744,28851],[5056,36891],[16283,36264],[5353,51081],[68773,143784],[17324,-6936],[148,-29167],[19770,-13411],[31323,15725],[15242,13096],[19251,-15184],[26078,-36616],[2835,-241198],[-7889,-14926],[21357,-26191],[17340,164],[-5486,-24604],[5909,-18328],[-4010,-19461],[14140,-23275],[17127,2976],[3991,-34374],[-2363,-19855],[10764,-10933],[-18364,-29010],[-15541,4059],[-17259,-9931],[-8721,-15708],[-16732,2642],[-6111,-23383],[-13452,-13214],[-5455,20273],[-14401,3190],[-8661,-11866],[-6911,11910],[-7368,-47471],[-25122,15392],[9154,19677],[-7628,2277],[2898,22169],[-17873,-26105],[478,-16353],[-10089,-47771],[-14181,-21187],[-10654,2760],[-15843,-19746],[-3235,16283],[-6046,-19476],[-2602,21594],[-6921,-27053],[-5885,11179],[-1174,-26374],[-14107,15788],[-19206,-16922],[-8132,-18010],[5995,-8732],[-28606,-52874],[-10937,-40883],[-8162,-12277]],[[8330630,5079473],[-1907,25800],[6421,2355],[-4514,-28155]],[[8519233,4344011],[-120663,-8411]],[[8212748,4346879],[20693,28743],[20241,59569],[9695,36973],[6010,44309],[1007,47753],[-9678,61720],[-19152,78786],[9133,29934],[-7069,53284],[20078,48983],[5296,74289],[9997,5250],[6130,32150],[17971,8612],[21690,44124],[2098,-71934],[7250,34533],[-3302,-42886],[14419,49748],[1199,46562],[13743,15102],[22994,6964],[-10840,21777],[-9,18761],[11899,26340],[16500,9795],[52399,-35018],[5532,-14999],[58379,-36927],[7306,-12437],[9370,-44468],[-11947,3537],[-922,-18592],[9747,-17578],[3017,-35446],[-3267,-58777],[-16360,-19897],[-9124,-40520],[-23815,-18249],[-5348,-42902],[18261,-21145],[10217,1872],[13730,18006],[10424,28305],[-2661,8528],[39148,27252],[14340,-12104],[11187,-28471],[18169,-147433],[3961,-12134],[-6395,-52982],[-14097,-34599],[1106,19634],[-13896,671],[-10310,-51591],[-18239,-20511],[-14116,-64838],[-17304,-38296]],[[8420056,5121017],[15907,-6247],[-5479,-10149],[-10428,16396]],[[8514807,5157756],[-7626,-13733],[-21128,2775],[19336,26869],[9418,-15911]],[[8458215,5224318],[-12711,23891],[11846,8277],[865,-32168]],[[8145914,4985271],[-10348,25590],[2205,26709],[-15201,-2863],[5068,60680],[-27610,24742],[-3203,24713],[-30686,12989],[-30965,4403],[-25352,21466],[-89857,36700],[-10055,32054],[-15937,15862]],[[7893973,5268316],[22844,11735],[26345,26367],[45466,17001],[18002,20343],[18586,10364],[26761,36041],[12144,-26024],[5963,-56058],[20940,28610],[39446,-12140],[12597,-11703],[25124,-57605],[29132,3585],[16426,-13919],[19240,-3287],[21115,25696],[24338,18892],[62093,3780],[27254,13611],[15332,-1395],[-5971,-50519],[45496,-13287],[18068,10559],[8847,-23957],[180,-34738],[17295,-8817],[12641,-25948],[-7613,-7588],[-42129,8510],[-16566,8864],[-15315,-33993],[-26868,32764],[-34005,11703],[-20593,-22876],[-18515,-8854],[-18815,5297],[-13383,-6154],[-11490,-25930],[-11504,-9060],[-8496,-24868],[-6091,6592],[11729,28407],[-365,14534],[-17110,-4395],[-11715,-26415],[-8122,420],[-730,37019],[-9220,-35753],[-11828,-23351],[-35019,-95105]],[[8090519,5386088],[-19531,-38107],[449,21274],[-16334,9888],[4833,18686],[15075,22225],[25548,15977],[20888,2225],[12312,-9638],[-25146,-7866],[4114,-7141],[-22208,-27523]],[[8024579,5522507],[-21585,-14152],[4369,19226],[50207,39253],[9300,1705],[-12579,-23910],[-29712,-22122]],[[7741163,5300622],[-16607,-19384],[-87,-109897],[-36088,-33439],[-16255,-38692],[-1598,-21230],[16677,-19258],[1908,-21591],[-7223,-27471],[246,-57624],[-3222,-27501],[14000,-27591],[24872,-17747],[28040,-29069],[19256,-39215],[41210,-38776],[9375,-36873],[2984,-56253]],[[7350304,4678774],[-4,342494],[-21801,25635],[-13429,31289],[20750,38918],[5242,27230]],[[7341062,5144340],[-401,37272],[-5088,36010],[-10199,27779],[-5016,33452],[1484,51761],[-4331,10386],[-3633,117117],[-11628,44237],[-12401,67321],[-191,96813],[-8784,59505]],[[7280874,5725993],[185570,-271],[608,72060],[27063,-12410],[1055,-35355],[12365,-59236],[7572,-12568],[50869,-15939],[31243,-25466],[21952,6829],[7709,10536],[34317,-900],[44572,-33650],[7733,-30271],[21833,11785],[14984,-6971],[13195,-19881],[30583,-26554],[26766,8827],[15932,16989],[18268,1300],[8625,-18289],[58686,2574],[8824,-19601],[32354,-4119],[-17527,-17700],[-33137,-21824],[-35987,-18817],[-32342,-31274],[-38590,-58917],[-23280,-31404],[-37711,-44087],[-3815,-10767]],[[7980054,3343792],[-3318,581]],[[7970434,3343994],[-3355,-46076],[-7187,-7411],[2937,-22131],[-5656,-19629]],[[7515332,3343954],[28,95336]],[[7449842,4011453],[-15695,50165],[-7723,5892],[-14201,58424]],[[8074539,2175070],[-26303,-2945],[-19164,11401],[-28634,-15785],[-8713,2472],[-18014,-29117]],[[7904216,3057979],[94597,-215],[96077,-186]],[[6670721,5144394],[568,-177252],[-2918,-2354]],[[6668371,4964788],[-78835,0],[-118253,-11],[-137960,0],[-78836,0],[-118254,0],[-98542,-5],[-52,-95755]],[[5588294,5725974],[131589,0],[115024,0],[153365,0],[115023,0],[115023,4],[115024,6],[76682,0],[115022,0],[143622,0]],[[6668668,5725984],[2053,-581590]],[[9144245,2989685],[5990,21619],[16259,30202],[-22249,-51821]],[[9230528,3103549],[5651,63310],[-2523,-55638],[-3128,-7672]],[[9199510,3353419],[2845,14]],[[9202355,3353433],[8951,-61276],[17912,-66712],[-1961,-1404],[-20619,76090],[-7128,53288]],[[8958950,2843570],[-97951,175450],[-101659,6071],[-799,25578],[-12653,28773],[-10033,-9164],[-3782,17181],[-114090,8755],[-68228,-38166]],[[8440961,3055497],[3392,40567],[4901,11393],[15304,4847],[5264,24418],[11909,19224],[32388,13194],[35137,36332],[11705,4925],[9215,28847],[6736,-817],[18139,19052],[8090,-12613],[13748,22563],[16703,10344],[11791,-5897],[12870,34999],[15657,9350],[6765,48648]],[[8680675,3364873],[1552,-2955],[97598,-1611],[97598,-1612],[97598,-1606],[130131,-2143],[87399,-1364]],[[9192551,3353582],[-2367,-14791],[11348,-39267],[-1478,-17575],[-23813,19753],[-198,-25461],[-21010,-2332],[-8555,-20085],[-17995,8985],[-4918,29335],[666,-51782],[33082,-896],[13647,7307],[12300,-3987],[-1241,-53346],[7408,6034],[2002,33133],[11244,12243],[7344,-11495],[-153,-48217],[-29638,-50855],[-6324,-4987],[-28383,8175],[-3867,21244],[-18785,-14672],[-26851,18288],[5892,-13154],[34082,-24542],[7419,-11301],[-10349,-37579],[-13587,-15828],[-7365,2793],[-18815,28535],[15432,-35161],[13820,-5583],[25917,9223],[8502,-10074],[-13908,-30365],[-19452,-13397],[-36034,177],[-10597,-17599],[-9586,882],[-1927,-17853],[-33357,-46075],[-9898,-25898],[-6027,-39936],[-2286,43712],[-5401,-49038],[-35299,1099],[-14242,-7799]],[[7341062,5144340],[-104740,9],[-104740,12],[-146642,10],[-104739,8],[-83792,7],[-125688,8]],[[6668668,5725984],[124768,0],[153364,0],[153365,0],[180709,9]],[[6669771,4202014],[-648,381463]],[[6669123,4583477],[186740,-13],[186740,-15],[128922,-29],[26841,-28380],[16036,-8846],[7555,8335],[41749,5991],[15994,-3903],[50647,-42509],[17499,-24091]],[[9663145,4596565],[-6566,-36853]],[[9507241,4531787],[-7459,29816],[6843,28956],[7981,93565],[7937,35414],[16345,47761],[7528,63936],[31311,28516],[10302,30005],[-4696,31320],[9931,26018],[-656,18919]],[[9592608,4966013],[17105,53876],[21828,744]],[[9272787,4008020],[30508,32610],[-32602,74105],[-8234,10045],[1284,34265],[8976,20773],[-4326,21842],[18950,29796],[6376,21610],[12799,16914]],[[9306518,4269980],[70946,-69608]],[[9377464,4200372],[-10379,-44976],[-18093,-28291],[-1331,-28934],[21856,-784],[3674,-23605],[-6362,-48692],[-8030,-25719],[-5259,-40334],[-13890,-36365],[-6872,2464],[-1961,-30818],[-15661,-18043],[-17219,-55423],[-14372,-9906],[5151,37281],[-21499,11898],[-19542,25162],[-15360,28668],[62,21295],[9140,35822],[24106,15401],[7164,21547]],[[6761614,3344023],[-3765,-118],[-2111,-857655],[-161706,-138],[-162249,-205],[9170,-34593],[10872,-9750]],[[6451825,2441564],[-158844,2085],[-234,-85788],[-74937,-295]],[[6761564,3439290],[50,-95267]],[[5232893,4392637],[167712,0],[100628,0]],[[5768669,4392742],[207,-952822]],[[9352461,4110868],[-2,17493],[9752,-5364],[-9750,-12129]],[[9503381,4199185],[-610,-13579],[20604,20836],[16685,-1728],[17866,8710],[-39187,-31758],[-76910,-45752],[-6405,1784],[-57015,-17741],[2194,15465],[-12566,-13427],[-1540,10958],[13738,29172],[27468,24399],[26585,872],[15004,6232],[43718,6666],[31561,30738],[-21190,-31847]],[[9427631,4965605],[-1789,-77814],[5604,-26256],[-1003,-36375],[-9355,-43967],[4415,-52649],[-1402,-35020],[12980,-4858],[-1750,-131240],[1189,-21462]],[[9402607,4200298],[-32067,-45854],[6924,45928]],[[9306518,4269980],[-5177,12701],[-16073,9621],[-7856,14969],[-2783,40458],[-26766,44499],[-161161,193],[-148760,172],[-86781,108],[-4,52396]],[[8851157,4445097],[49797,53293],[26164,39832],[4136,13705],[-3227,44691],[-14198,6824],[1158,34133],[32706,14562],[46265,6331],[30279,-7169],[27802,-17104],[23222,5177],[26472,-3269],[25497,15931],[19798,27904],[24289,12821],[-1396,34951],[-5980,21247],[7758,996],[11482,23649],[-9423,-893],[-1993,17102],[-13923,4302],[46783,55529],[3616,19027],[35134,52479],[19951,24237],[29021,19935],[135284,285]],[[8783169,4134531],[-12586,-16013],[5146,-37962],[-24312,-119820],[-8192,-31344],[-33277,-39720],[-9558,5670],[-19563,-22993],[-13074,-35449],[2021,-26522],[-9201,-10059],[-10669,22287],[-18203,-46311],[2109,-24911],[-18613,-38822],[-20297,2712]],[[8519233,4344011],[44149,-38823],[9690,6843],[13985,-10781],[-29449,-12729],[34608,2356],[10630,-11423],[36245,16395],[35802,3426],[44474,49477],[63695,41789]],[[8783062,4390541],[107,-256010]],[[7527403,2800050],[-20237,9698],[-22768,27480],[-24786,21560],[-12216,-15675],[-19836,13518],[-17035,-15380],[-14177,3496],[-17784,-11608],[-15799,-21136],[-24868,26343],[-5120,10890],[-8790,-9953],[-20809,15988],[-12706,-38759],[-8627,30956],[-16506,-12544],[-23548,30265],[-16371,-21787],[-20410,31371],[-2629,19968],[-23142,-670],[-12397,-10056],[-10300,13824],[-17135,-1246],[-34856,15394],[-1199,15797],[-14430,26271],[-4011,-12208],[-20416,-681],[-21131,29531],[-11898,8267],[-279,364996],[-84243,15],[-101087,29],[-84243,19]],[[4943365,5184545],[8964,4797],[16087,-12188],[8869,-26080],[10561,-58032],[6840,-8829],[40224,-6937],[28822,18762],[19738,5468],[37751,-5931],[17756,-9150],[62388,16421],[37512,21492],[45425,18361],[22638,2081],[14179,10536],[97028,229],[93894,107]],[[4852739,4392677],[-11408,23284],[-5866,49219],[1290,38647],[-12001,43700],[17359,100830],[17793,66753],[4456,122427],[4649,17490],[-1056,67161],[11676,152399],[-2865,50727],[1266,56746],[3188,7933],[21408,78],[13667,7638],[10732,-12909],[16338,-255]],[[9272787,4008020],[-8881,-16914],[-22310,-15132]],[[8876830,3958312],[-93693,-55],[32,176274]],[[8783062,4390541],[16708,9772],[51387,44784]],[[9617439,4295659],[-9429,-4304],[10268,35258],[-839,-30954]],[[9618123,4336576],[-14063,16929],[-4824,-65146],[-7109,-14246],[-28729,-8287]],[[8958950,2843570],[-24923,-29092],[-26685,-60671],[-8188,-42100],[-17147,-27191],[-15034,-7943],[-2500,-17468],[-17091,-23240],[-11520,4318],[3548,-15508],[-11520,-20747],[-18696,-8272],[-11975,-14451],[-24401,2098],[14380,-16961],[-1029,-13529],[-11016,-11255],[-3506,19663],[-13548,-6202],[9322,-28155],[-13940,-19413],[-2078,-16088]],[[6669123,4583477],[-752,381311]],[[8500055,3363815],[154218,-1336],[26402,2394]],[[7285823,1372036],[-8688,32486],[-12120,93577],[1448,71694],[3125,-75324],[16235,-122433]],[[7269375,1589539],[5266,42525],[14841,48826],[6245,8178],[-17117,-53550],[-9235,-45979]],[[7299881,1704248],[10346,41153],[5353,-5464],[-15699,-35689]],[[7322357,1752097],[791,9508],[21248,24986],[9531,827],[-31570,-35321]],[[7589460,2100031],[-4264,472],[-9430,-31413],[5022,-23958],[-18813,-3619],[-58490,-48119],[20131,24776],[-22663,-18],[3269,38541],[-13306,-13926],[-11957,4836],[2702,-32679],[9401,-30581],[-22549,-38655],[-1178,-16895],[-10913,-21998],[-52147,-61688],[-34270,-28861],[20097,27258],[-32588,4784],[-6771,-11928],[-11418,23117],[-5784,-1325],[10376,-41960],[9310,-5981],[-22950,-22130],[-8741,15319],[-3000,-38410],[-7616,-11942],[-3748,12722],[-20072,-15239],[1368,-15939],[9618,6308],[-12331,-40859],[-23385,-8077],[12839,-31768],[-13522,-65275],[-7621,-2728],[-21994,27367],[6840,-32483],[18639,-9484],[848,-22791],[-7107,-28704],[7992,-52550],[5710,-56293],[23028,-82959],[-12188,-3783],[-6868,-13558],[-20600,21678],[-19259,11028],[-25301,4268],[-17287,8919],[-9270,13568],[-28172,17943],[-6638,12193],[-30801,20311],[-10985,60065],[-19208,52390],[294,25446],[-5356,22003],[-494,50116],[-22386,34626],[-12172,26191],[-10052,34428],[-26493,53359],[-3209,33344],[-19600,60787],[-9796,47137],[-8629,21732],[-23536,41596],[-2036,11392],[-23789,33118],[-6908,20683],[-16938,12716],[-16512,-5104],[-21452,2523],[-31669,13208],[-11975,-18284],[-12472,-3194],[-10722,-20668],[-8976,-38133],[-5216,-43394],[-17804,-33278],[-15080,-7767],[-36533,39236],[-40162,34172],[-35373,55594],[-15947,59656],[0,27426],[-13900,59740],[-12852,37808],[-26705,30762],[-21418,33084],[-26862,49629],[-39834,57894],[-17056,42662]],[[6037742,4392698],[27,-190684],[180167,0]],[[9245649,3634573],[-19819,-75091],[832,-13817],[-20227,-25456],[-11000,-52117],[-5665,21342],[9821,67755],[15180,38560],[5403,25282]],[[9259153,3637501],[-2400,-551]],[[9096882,3799372],[-1370,-21634],[-19315,-33523],[-4793,-38777],[7354,-10791],[16649,3174],[12628,-30439],[32086,-19554],[25648,-38317],[-7181,-41544],[-13339,1246],[-30228,53257],[-10011,25541],[-15388,13389],[16723,-25294],[18857,-42493],[20805,-34572],[16050,-10937],[3784,-40899],[-12364,5554],[706,-16437],[-13062,1793],[-19720,37390],[13200,-34867],[18864,-20953],[10594,-30512],[-10574,-11697],[-27212,43158],[-27288,19068],[-21933,2197],[29289,-19865],[22779,-9928],[3411,-23934],[21075,-30049],[13964,11971],[22017,-7620],[12768,-69041]],[[9199510,3353419],[-6959,163]],[[8653125,3542044],[4695,-32561],[7535,-13418],[23778,-16933],[19315,23624],[11052,-13426],[25489,7366],[7306,21483],[12821,-2584],[19104,12973],[3856,-6927],[13348,14677],[6318,21182],[-3551,10729],[8743,28063],[19454,42317],[6208,25664],[16855,42579],[4191,26736],[6376,6268],[18153,-23403],[13991,4219],[17902,59712],[15509,5389],[25830,34529],[13150,30840],[10162,55507],[43741,-58471],[9815,38370]],[[9427631,4965605],[164977,408]],[[5017682,5421297],[-10413,-7104],[2109,24939],[8304,-17835]],[[5001618,5566483],[18527,-32647],[-4020,-12907],[-13136,14248],[-5857,30311],[-11334,16701],[13055,27000],[5493,-16516],[-13462,-10089],[10734,-16101]],[[4979303,5618864],[-10013,10180],[5698,12178],[4315,-22358]],[[4962020,5632117],[-11401,1350],[2313,20083],[9088,-21433]],[[4982790,5664881],[-9926,-14909],[-8374,6139],[7909,15952],[10391,-7182]],[[4943365,5184545],[-21965,22400],[-20098,5484],[-34566,-3892],[2554,62088],[8833,-32892],[5124,43371],[-16416,16166],[-3673,22475],[24250,19167],[-24173,13730],[-2477,-15347],[-5360,48402],[-9930,37385],[-6002,48440],[-7555,23944],[-14481,22866],[-7247,47195],[-747,43615],[48060,-26304],[17962,-14100],[61267,-9330],[15290,5981],[9008,-13214],[22087,10671],[10966,-48899],[-10952,-27210],[-3863,10434],[-27843,-67773],[5778,-7263],[7582,30457],[20260,26918],[20174,41792],[799,-28672],[-13629,-29936],[8063,-16003],[712,-44853],[-11672,4424],[-5405,-18692],[-5454,22544],[-17905,-37695],[29281,-5347],[14366,31406],[16939,18307],[-3513,85609],[13566,36271],[-25025,41631],[10515,7645],[-7647,20045],[-16237,17342],[15488,7682],[-5870,51948],[-8182,-2689],[-12208,43693],[85890,0],[115024,0],[76682,0],[115024,12],[124407,0]],[[8201121,5010527],[-8298,-16600],[-9345,-44234],[-14971,-15856],[-3767,21992],[12381,35054],[18854,31441],[5146,-11797]],[[8145914,4985271],[-1904,-14545],[-18278,-17122],[-17804,-61888],[5308,-12569],[16338,18983],[16470,37244],[16618,3575],[7398,-17122],[-17096,-74392],[-672,-40315],[-11113,-21972],[-5876,-28939],[2170,-34997],[-6682,-23807],[-11478,-67492],[2037,-31861],[8778,-61860],[-2760,-48872]],[[7741163,5300622],[10760,-12090],[43904,12802],[25308,22793],[8127,-3427],[16294,16414],[15978,-8724],[-13906,-58143],[16742,16358],[18046,-17066],[11557,-1223]]],"transform":{"scale":[0.000011120750750470383,0.000005244378287971526],"translate":[-178.19451843993755,18.96390918584938]}}